{
  "project_info": {
    "project_number": "616251014242",
    "project_id": "petbdcare",
    "storage_bucket": "petbdcare.appspot.com"
  },
  "client": [
    {
      "client_info": {
        "mobilesdk_app_id": "1:616251014242:android:a3c2757c8fe61240a9a53b",
        "android_client_info": {
          "package_name": "com.dmart.bdpetcare"
        }
      },
      "oauth_client": [],
      "api_key": [
        {
          "current_key": "AIzaSyAeC3oraZc88snHEskY4nNPtKGd8XQUDRE"
        }
      ],
      "services": {
        "appinvite_service": {
          "other_platform_oauth_client": []
        }
      }
    }
  ],
  "configuration_version": "1"
}